{
  "config": {
    "features": [
      {
        "feature": {
          "config": {
            "features": [
              {
                "feature": {
                  "config": {
                    "features": [
                      {
                        "feature": {
                          "config": {
                            "allowed_placement": {
                              "predicate": {
                                "blocks": "#minecraft:features_cannot_replace",
                                "type": "minecraft:matching_blocks"
                              },
                              "type": "minecraft:not"
                            },
                            "direction": "up",
                            "layers": [
                              {
                                "height": 2,
                                "provider": {
                                  "state": {
                                    "Name": "minecraft:air"
                                  },
                                  "type": "minecraft:simple_state_provider"
                                }
                              }
                            ],
                            "prioritize_tip": false
                          },
                          "type": "minecraft:block_column"
                        },
                        "placement": [
                          {
                            "predicate": {
                              "predicates": [
                                {
                                  "offset": [
                                    0,
                                    2,
                                    0
                                  ],
                                  "type": "minecraft:replaceable"
                                },
                                {
                                  "blocks": "minecraft:mushroom_stem",
                                  "offset": [
                                    0,
                                    1,
                                    0
                                  ],
                                  "type": "minecraft:matching_blocks"
                                }
                              ],
                              "type": "minecraft:all_of"
                            },
                            "type": "minecraft:block_predicate_filter"
                          }
                        ]
                      },
                      {
                        "feature": {
                          "config": {
                            "decorators": [],
                            "dirt_provider": {
                              "state": {
                                "Name": "minecraft:mushroom_stem",
                                "Properties": {
                                  "down": "true",
                                  "east": "true",
                                  "north": "true",
                                  "south": "true",
                                  "up": "true",
                                  "west": "true"
                                }
                              },
                              "type": "minecraft:simple_state_provider"
                            },
                            "foliage_placer": {
                              "height": 2,
                              "offset": 0,
                              "radius": 6,
                              "type": "minecraft:fancy_foliage_placer"
                            },
                            "foliage_provider": {
                              "state": {
                                "Name": "minecraft:brown_mushroom_block",
                                "Properties": {
                                  "down": "true",
                                  "east": "true",
                                  "north": "true",
                                  "south": "true",
                                  "up": "true",
                                  "west": "true"
                                }
                              },
                              "type": "minecraft:simple_state_provider"
                            },
                            "force_dirt": false,
                            "ignore_vines": true,
                            "minimum_size": {
                              "limit": 0,
                              "lower_size": 0,
                              "upper_size": 0,
                              "type": "minecraft:two_layers_feature_size"
                            },
                            "trunk_placer": {
                              "base_height": 1,
                              "height_rand_a": 0,
                              "height_rand_b": 0,
                              "type": "minecraft:straight_trunk_placer"
                            },
                            "trunk_provider": {
                              "state": {
                                "Name": "minecraft:mushroom_stem",
                                "Properties": {
                                  "down": "true",
                                  "east": "true",
                                  "north": "true",
                                  "south": "true",
                                  "up": "true",
                                  "west": "true"
                                }
                              },
                              "type": "minecraft:simple_state_provider"
                            }
                          },
                          "type": "minecraft:tree"
                        },
                        "placement": [
                          {
                            "predicate": {
                              "blocks": "minecraft:air",
                              "type": "minecraft:matching_blocks"
                            },
                            "type": "minecraft:block_predicate_filter"
                          }
                        ]
                      }
                    ]
                  },
                  "type": "minecraft:simple_random_selector"
                },
                "placement": [
                  {
                    "predicate": {
                      "predicates": [
                        {
                          "offset": [
                            0,
                            2,
                            0
                          ],
                          "type": "minecraft:replaceable"
                        },
                        {
                          "blocks": "minecraft:mushroom_stem",
                          "offset": [
                            0,
                            1,
                            0
                          ],
                          "type": "minecraft:matching_blocks"
                        }
                      ],
                      "type": "minecraft:all_of"
                    },
                    "type": "minecraft:block_predicate_filter"
                  },
                  {
                    "count": 28,
                    "type": "minecraft:count"
                  }
                ]
              },
              {
                "feature": {
                  "config": {
                    "features": [
                      {
                        "feature": {
                          "config": {
                            "half_height": 0,
                            "radius": 4,
                            "state_provider": {
                              "fallback": {
                                "state": {
                                  "Name": "minecraft:air"
                                },
                                "type": "minecraft:simple_state_provider"
                              },
                              "rules": []
                            },
                            "target": {
                              "blocks": "minecraft:brown_mushroom_block",
                              "type": "minecraft:matching_blocks"
                            }
                          },
                          "type": "minecraft:disk"
                        },
                        "placement": [
                          {
                            "predicate": {
                              "blocks": "minecraft:brown_mushroom_block",
                              "offset": [
                                2,
                                0,
                                0
                              ],
                              "type": "minecraft:matching_blocks"
                            },
                            "type": "minecraft:block_predicate_filter"
                          }
                        ]
                      },
                      {
                        "feature": {
                          "config": {
                            "half_height": 0,
                            "radius": 8,
                            "state_provider": {
                              "fallback": {
                                "state": {
                                  "Name": "minecraft:air"
                                },
                                "type": "minecraft:simple_state_provider"
                              },
                              "rules": []
                            },
                            "target": {
                              "blocks": "minecraft:brown_mushroom_block",
                              "type": "minecraft:matching_blocks"
                            }
                          },
                          "type": "minecraft:disk"
                        },
                        "placement": [
                          {
                            "predicate": {
                              "blocks": "minecraft:brown_mushroom_block",
                              "offset": [
                                2,
                                -1,
                                0
                              ],
                              "type": "minecraft:matching_blocks"
                            },
                            "type": "minecraft:block_predicate_filter"
                          },
                          {
                            "xz_spread": 0,
                            "y_spread": -1,
                            "type": "minecraft:random_offset"
                          }
                        ]
                      },
                      {
                        "feature": {
                          "config": {
                            "block": "minecraft:glow_lichen",
                            "can_be_placed_on": "minecraft:mushroom_stem",
                            "can_place_on_ceiling": false,
                            "can_place_on_floor": false,
                            "can_place_on_wall": true,
                            "chance_of_spreading": 0.0,
                            "search_range": 1
                          },
                          "type": "minecraft:multiface_growth"
                        },
                        "placement": [
                          {
                            "predicate": {
                              "offset": [
                                2,
                                0,
                                0
                              ],
                              "type": "minecraft:replaceable"
                            },
                            "type": "minecraft:block_predicate_filter"
                          },
                          {
                            "xz_spread": {
                              "type": "minecraft:uniform",
                              "min_inclusive": -2,
                              "max_inclusive": 2
                            },
                            "y_spread": 0,
                            "type": "minecraft:random_offset"
                          }
                        ]
                      }
                    ]
                  },
                  "type": "minecraft:simple_random_selector"
                },
                "placement": [
                  {
                    "predicate": {
                      "blocks": "minecraft:brown_mushroom_block",
                      "offset": [
                        2,
                        0,
                        0
                      ],
                      "type": "minecraft:matching_blocks"
                    },
                    "type": "minecraft:block_predicate_filter"
                  },
                  {
                    "count": 48,
                    "type": "minecraft:count"
                  }
                ]
              }
            ]
          },
          "type": "minecraft:simple_random_selector"
        },
        "placement": [
          {
            "count": 28,
            "type": "minecraft:count"
          }
        ]
      }
    ]
  },
  "type": "minecraft:simple_random_selector"
}