{
  "config": {
    "features": [
      {
        "feature": {
          "config": {
            "features": [
              {
                "feature": {
                  "config": {
                    "to_place": {
                      "entries": [
                        {
                          "data": {
                            "Name": "minecraft:spruce_log",
                            "Properties": {
                              "axis": "z"
                            }
                          },
                          "weight": 5
                        },
                        {
                          "data": {
                            "Name": "minecraft:stripped_spruce_log",
                            "Properties": {
                              "axis": "z"
                            }
                          },
                          "weight": 3
                        }
                      ],
                      "type": "minecraft:weighted_state_provider"
                    }
                  },
                  "type": "minecraft:simple_block"
                },
                "placement": [
                  {
                    "predicate": {
                      "blocks": "#arboria:tree_branch_replaceable",
                      "type": "minecraft:matching_blocks"
                    },
                    "type": "minecraft:block_predicate_filter"
                  }
                ]
              },
              {
                "feature": {
                  "config": {
                    "to_place": {
                      "entries": [
                        {
                          "data": {
                            "Name": "minecraft:spruce_log",
                            "Properties": {
                              "axis": "z"
                            }
                          },
                          "weight": 5
                        },
                        {
                          "data": {
                            "Name": "minecraft:stripped_spruce_log",
                            "Properties": {
                              "axis": "z"
                            }
                          },
                          "weight": 3
                        }
                      ],
                      "type": "minecraft:weighted_state_provider"
                    }
                  },
                  "type": "minecraft:simple_block"
                },
                "placement": [
                  {
                    "predicate": {
                      "blocks": [
                        "minecraft:spruce_log",
                        "minecraft:stripped_spruce_log"
                      ],
                      "type": "minecraft:matching_blocks"
                    },
                    "type": "minecraft:block_predicate_filter"
                  },
                  {
                    "count": 8,
                    "type": "minecraft:count"
                  },
                  {
                    "xz_spread": {
                      "type": "minecraft:uniform",
                      "min_inclusive": 0,
                      "max_inclusive": 1
                    },
                    "y_spread": -1,
                    "type": "minecraft:random_offset"
                  },
                  {
                    "predicate": {
                      "predicates": [
                        {
                          "blocks": "#arboria:tree_branch_replaceable",
                          "type": "minecraft:matching_blocks"
                        },
                        {
                          "blocks": [
                            "minecraft:spruce_log",
                            "minecraft:stripped_spruce_log"
                          ],
                          "offset": [
                            0,
                            1,
                            -1
                          ],
                          "type": "minecraft:matching_blocks"
                        },
                        {
                          "blocks": [
                            "minecraft:spruce_log",
                            "minecraft:stripped_spruce_log"
                          ],
                          "offset": [
                            0,
                            1,
                            -2
                          ],
                          "type": "minecraft:matching_blocks"
                        },
                        {
                          "blocks": [
                            "minecraft:spruce_log",
                            "minecraft:stripped_spruce_log"
                          ],
                          "offset": [
                            0,
                            -2,
                            -2
                          ],
                          "type": "minecraft:matching_blocks"
                        },
                        {
                          "blocks": "#arboria:tree_branch_replaceable",
                          "offset": [
                            0,
                            0,
                            -1
                          ],
                          "type": "minecraft:matching_blocks"
                        },
                        {
                          "blocks": "#arboria:tree_branch_replaceable",
                          "offset": [
                            1,
                            1,
                            -1
                          ],
                          "type": "minecraft:matching_blocks"
                        },
                        {
                          "blocks": "#arboria:tree_branch_replaceable",
                          "offset": [
                            -1,
                            1,
                            -1
                          ],
                          "type": "minecraft:matching_blocks"
                        }
                      ],
                      "type": "minecraft:all_of"
                    },
                    "type": "minecraft:block_predicate_filter"
                  }
                ]
              }
            ]
          },
          "type": "minecraft:simple_random_selector"
        },
        "placement": [
          {
            "count": 16,
            "type": "minecraft:count"
          },
          {
            "xz_spread": {
              "type": "minecraft:uniform",
              "min_inclusive": 0,
              "max_inclusive": 1
            },
            "y_spread": -1,
            "type": "minecraft:random_offset"
          },
          {
            "predicate": {
              "predicates": [
                {
                  "blocks": "#arboria:tree_branch_replaceable",
                  "type": "minecraft:matching_blocks"
                },
                {
                  "blocks": [
                    "minecraft:spruce_log",
                    "minecraft:stripped_spruce_log"
                  ],
                  "offset": [
                    0,
                    0,
                    -1
                  ],
                  "type": "minecraft:matching_blocks"
                },
                {
                  "blocks": [
                    "minecraft:spruce_log",
                    "minecraft:stripped_spruce_log"
                  ],
                  "offset": [
                    0,
                    -3,
                    -1
                  ],
                  "type": "minecraft:matching_blocks"
                },
                {
                  "blocks": [
                    "minecraft:spruce_log",
                    "minecraft:stripped_spruce_log"
                  ],
                  "offset": [
                    0,
                    -4,
                    -1
                  ],
                  "type": "minecraft:matching_blocks"
                },
                {
                  "blocks": "#arboria:tree_branch_replaceable",
                  "offset": [
                    1,
                    0,
                    0
                  ],
                  "type": "minecraft:matching_blocks"
                },
                {
                  "blocks": "#arboria:tree_branch_replaceable",
                  "offset": [
                    -1,
                    0,
                    0
                  ],
                  "type": "minecraft:matching_blocks"
                },
                {
                  "predicate": {
                    "blocks": [
                      "minecraft:spruce_log",
                      "minecraft:stripped_spruce_log"
                    ],
                    "offset": [
                      0,
                      1,
                      0
                    ],
                    "type": "minecraft:matching_blocks"
                  },
                  "type": "minecraft:not"
                },
                {
                  "predicate": {
                    "blocks": [
                      "minecraft:spruce_log",
                      "minecraft:stripped_spruce_log"
                    ],
                    "offset": [
                      0,
                      -1,
                      0
                    ],
                    "type": "minecraft:matching_blocks"
                  },
                  "type": "minecraft:not"
                }
              ],
              "type": "minecraft:all_of"
            },
            "type": "minecraft:block_predicate_filter"
          },
          {
            "count": 28,
            "type": "minecraft:count"
          }
        ]
      }
    ]
  },
  "type": "minecraft:simple_random_selector"
}