{
  "config": {
    "features": [
      {
        "feature": {
          "config": {
            "features": [
              {
                "feature": {
                  "config": {
                    "decorators": [],
                    "dirt_provider": {
                      "state": {
                        "Name": "minecraft:rooted_dirt"
                      },
                      "type": "minecraft:simple_state_provider"
                    },
                    "foliage_placer": {
                      "offset": 0,
                      "radius": 0,
                      "type": "minecraft:acacia_foliage_placer"
                    },
                    "foliage_provider": {
                      "state": {
                        "Name": "minecraft:air"
                      },
                      "type": "minecraft:simple_state_provider"
                    },
                    "force_dirt": false,
                    "ignore_vines": true,
                    "minimum_size": {
                      "limit": 1,
                      "lower_size": 0,
                      "upper_size": 0,
                      "type": "minecraft:two_layers_feature_size"
                    },
                    "trunk_placer": {
                      "base_height": 16,
                      "height_rand_a": 1,
                      "height_rand_b": 1,
                      "type": "minecraft:straight_trunk_placer"
                    },
                    "trunk_provider": {
                      "entries": [
                        {
                          "data": {
                            "Name": "minecraft:spruce_log",
                            "Properties": {
                              "axis": "y"
                            }
                          },
                          "weight": 5
                        },
                        {
                          "data": {
                            "Name": "minecraft:stripped_spruce_log",
                            "Properties": {
                              "axis": "y"
                            }
                          },
                          "weight": 3
                        }
                      ],
                      "type": "minecraft:weighted_state_provider"
                    }
                  },
                  "type": "minecraft:tree"
                },
                "placement": [
                  {
                    "predicate": {
                      "type": "minecraft:replaceable"
                    },
                    "type": "minecraft:block_predicate_filter"
                  }
                ]
              },
              {
                "feature": {
                  "config": {
                    "features": [
                      {
                        "feature": "arboria:dead_spruce/branch/1_east",
                        "placement": [
                          {
                            "xz_spread": 0,
                            "y_spread": {
                              "type": "minecraft:uniform",
                              "min_inclusive": 7,
                              "max_inclusive": 8
                            },
                            "type": "minecraft:random_offset"
                          }
                        ]
                      },
                      {
                        "feature": "arboria:dead_spruce/branch/1_south",
                        "placement": [
                          {
                            "xz_spread": 0,
                            "y_spread": {
                              "type": "minecraft:uniform",
                              "min_inclusive": 7,
                              "max_inclusive": 8
                            },
                            "type": "minecraft:random_offset"
                          }
                        ]
                      },
                      {
                        "feature": "arboria:dead_spruce/branch/1_west",
                        "placement": [
                          {
                            "xz_spread": 0,
                            "y_spread": {
                              "type": "minecraft:uniform",
                              "min_inclusive": 7,
                              "max_inclusive": 8
                            },
                            "type": "minecraft:random_offset"
                          }
                        ]
                      },
                      {
                        "feature": "arboria:dead_spruce/branch/1_north",
                        "placement": [
                          {
                            "xz_spread": 0,
                            "y_spread": {
                              "type": "minecraft:uniform",
                              "min_inclusive": 7,
                              "max_inclusive": 8
                            },
                            "type": "minecraft:random_offset"
                          }
                        ]
                      },
                      {
                        "feature": "arboria:dead_spruce/branch/1_east",
                        "placement": [
                          {
                            "xz_spread": 0,
                            "y_spread": {
                              "type": "minecraft:uniform",
                              "min_inclusive": 11,
                              "max_inclusive": 12
                            },
                            "type": "minecraft:random_offset"
                          }
                        ]
                      },
                      {
                        "feature": "arboria:dead_spruce/branch/1_south",
                        "placement": [
                          {
                            "xz_spread": 0,
                            "y_spread": {
                              "type": "minecraft:uniform",
                              "min_inclusive": 11,
                              "max_inclusive": 12
                            },
                            "type": "minecraft:random_offset"
                          }
                        ]
                      },
                      {
                        "feature": "arboria:dead_spruce/branch/1_west",
                        "placement": [
                          {
                            "xz_spread": 0,
                            "y_spread": {
                              "type": "minecraft:uniform",
                              "min_inclusive": 11,
                              "max_inclusive": 12
                            },
                            "type": "minecraft:random_offset"
                          }
                        ]
                      },
                      {
                        "feature": "arboria:dead_spruce/branch/1_north",
                        "placement": [
                          {
                            "xz_spread": 0,
                            "y_spread": {
                              "type": "minecraft:uniform",
                              "min_inclusive": 11,
                              "max_inclusive": 12
                            },
                            "type": "minecraft:random_offset"
                          }
                        ]
                      },
                      {
                        "feature": {
                          "config": {
                            "to_place": {
                              "entries": [
                                {
                                  "data": {
                                    "Name": "minecraft:spruce_log",
                                    "Properties": {
                                      "axis": "x"
                                    }
                                  },
                                  "weight": 5
                                },
                                {
                                  "data": {
                                    "Name": "minecraft:stripped_spruce_log",
                                    "Properties": {
                                      "axis": "x"
                                    }
                                  },
                                  "weight": 3
                                }
                              ],
                              "type": "minecraft:weighted_state_provider"
                            }
                          },
                          "type": "minecraft:simple_block"
                        },
                        "placement": [
                          {
                            "count": 3,
                            "type": "minecraft:count"
                          },
                          {
                            "xz_spread": {
                              "type": "minecraft:uniform",
                              "min_inclusive": 0,
                              "max_inclusive": 1
                            },
                            "y_spread": 14,
                            "type": "minecraft:random_offset"
                          },
                          {
                            "predicate": {
                              "blocks": [
                                "minecraft:spruce_log",
                                "minecraft:stripped_spruce_log"
                              ],
                              "offset": [
                                -1,
                                -1,
                                0
                              ],
                              "type": "minecraft:matching_blocks"
                            },
                            "type": "minecraft:block_predicate_filter"
                          }
                        ]
                      },
                      {
                        "feature": {
                          "config": {
                            "to_place": {
                              "entries": [
                                {
                                  "data": {
                                    "Name": "minecraft:spruce_log",
                                    "Properties": {
                                      "axis": "z"
                                    }
                                  },
                                  "weight": 5
                                },
                                {
                                  "data": {
                                    "Name": "minecraft:stripped_spruce_log",
                                    "Properties": {
                                      "axis": "z"
                                    }
                                  },
                                  "weight": 3
                                }
                              ],
                              "type": "minecraft:weighted_state_provider"
                            }
                          },
                          "type": "minecraft:simple_block"
                        },
                        "placement": [
                          {
                            "count": 3,
                            "type": "minecraft:count"
                          },
                          {
                            "xz_spread": {
                              "type": "minecraft:uniform",
                              "min_inclusive": 0,
                              "max_inclusive": 1
                            },
                            "y_spread": 14,
                            "type": "minecraft:random_offset"
                          },
                          {
                            "predicate": {
                              "blocks": [
                                "minecraft:spruce_log",
                                "minecraft:stripped_spruce_log"
                              ],
                              "offset": [
                                0,
                                -1,
                                -1
                              ],
                              "type": "minecraft:matching_blocks"
                            },
                            "type": "minecraft:block_predicate_filter"
                          }
                        ]
                      },
                      {
                        "feature": {
                          "config": {
                            "to_place": {
                              "entries": [
                                {
                                  "data": {
                                    "Name": "minecraft:spruce_log",
                                    "Properties": {
                                      "axis": "x"
                                    }
                                  },
                                  "weight": 5
                                },
                                {
                                  "data": {
                                    "Name": "minecraft:stripped_spruce_log",
                                    "Properties": {
                                      "axis": "x"
                                    }
                                  },
                                  "weight": 3
                                }
                              ],
                              "type": "minecraft:weighted_state_provider"
                            }
                          },
                          "type": "minecraft:simple_block"
                        },
                        "placement": [
                          {
                            "count": 3,
                            "type": "minecraft:count"
                          },
                          {
                            "xz_spread": {
                              "type": "minecraft:uniform",
                              "min_inclusive": -1,
                              "max_inclusive": 0
                            },
                            "y_spread": 14,
                            "type": "minecraft:random_offset"
                          },
                          {
                            "predicate": {
                              "blocks": [
                                "minecraft:spruce_log",
                                "minecraft:stripped_spruce_log"
                              ],
                              "offset": [
                                1,
                                -1,
                                0
                              ],
                              "type": "minecraft:matching_blocks"
                            },
                            "type": "minecraft:block_predicate_filter"
                          }
                        ]
                      },
                      {
                        "feature": {
                          "config": {
                            "to_place": {
                              "entries": [
                                {
                                  "data": {
                                    "Name": "minecraft:spruce_log",
                                    "Properties": {
                                      "axis": "z"
                                    }
                                  },
                                  "weight": 5
                                },
                                {
                                  "data": {
                                    "Name": "minecraft:stripped_spruce_log",
                                    "Properties": {
                                      "axis": "z"
                                    }
                                  },
                                  "weight": 3
                                }
                              ],
                              "type": "minecraft:weighted_state_provider"
                            }
                          },
                          "type": "minecraft:simple_block"
                        },
                        "placement": [
                          {
                            "count": 3,
                            "type": "minecraft:count"
                          },
                          {
                            "xz_spread": {
                              "type": "minecraft:uniform",
                              "min_inclusive": -1,
                              "max_inclusive": 0
                            },
                            "y_spread": 14,
                            "type": "minecraft:random_offset"
                          },
                          {
                            "predicate": {
                              "blocks": [
                                "minecraft:spruce_log",
                                "minecraft:stripped_spruce_log"
                              ],
                              "offset": [
                                0,
                                -1,
                                1
                              ],
                              "type": "minecraft:matching_blocks"
                            },
                            "type": "minecraft:block_predicate_filter"
                          }
                        ]
                      }
                    ]
                  },
                  "type": "minecraft:simple_random_selector"
                },
                "placement": [
                  {
                    "predicate": {
                      "blocks": [
                        "minecraft:spruce_log",
                        "minecraft:stripped_spruce_log"
                      ],
                      "type": "minecraft:matching_blocks"
                    },
                    "type": "minecraft:block_predicate_filter"
                  },
                  {
                    "predicate": {
                      "predicate": {
                        "predicates": [
                          {
                            "blocks": [
                              "minecraft:spruce_log",
                              "minecraft:stripped_spruce_log"
                            ],
                            "offset": [
                              1,
                              14,
                              0
                            ],
                            "type": "minecraft:matching_blocks"
                          },
                          {
                            "blocks": [
                              "minecraft:spruce_log",
                              "minecraft:stripped_spruce_log"
                            ],
                            "offset": [
                              0,
                              14,
                              1
                            ],
                            "type": "minecraft:matching_blocks"
                          },
                          {
                            "blocks": [
                              "minecraft:spruce_log",
                              "minecraft:stripped_spruce_log"
                            ],
                            "offset": [
                              -1,
                              14,
                              0
                            ],
                            "type": "minecraft:matching_blocks"
                          },
                          {
                            "blocks": [
                              "minecraft:spruce_log",
                              "minecraft:stripped_spruce_log"
                            ],
                            "offset": [
                              0,
                              14,
                              -1
                            ],
                            "type": "minecraft:matching_blocks"
                          }
                        ],
                        "type": "minecraft:any_of"
                      },
                      "type": "minecraft:not"
                    },
                    "type": "minecraft:block_predicate_filter"
                  },
                  {
                    "count": 20,
                    "type": "minecraft:count"
                  }
                ]
              },
              {
                "feature": "arboria:dead_spruce/roots",
                "placement": [
                  {
                    "predicate": {
                      "blocks": [
                        "minecraft:spruce_log",
                        "minecraft:stripped_spruce_log"
                      ],
                      "type": "minecraft:matching_blocks"
                    },
                    "type": "minecraft:block_predicate_filter"
                  }
                ]
              }
            ]
          },
          "type": "minecraft:simple_random_selector"
        },
        "placement": [
          {
            "predicate": {
              "state": {
                "Name": "minecraft:spruce_sapling",
                "Properties": {
                  "stage": "0"
                }
              },
              "type": "minecraft:would_survive"
            },
            "type": "minecraft:block_predicate_filter"
          },
          {
            "count": 48,
            "type": "minecraft:count"
          }
        ]
      }
    ]
  },
  "type": "minecraft:simple_random_selector"
}