{
  "config": {
    "features": [
      {
        "feature": {
          "config": {
            "features": [
              {
                "feature": {
                  "config": {
                    "features": [
                      {
                        "feature": {
                          "config": {
                            "decorators": [],
                            "dirt_provider": {
                              "state": {
                                "Name": "minecraft:rooted_dirt"
                              },
                              "type": "minecraft:simple_state_provider"
                            },
                            "foliage_placer": {
                              "height": 1,
                              "offset": 0,
                              "radius": 2,
                              "type": "minecraft:blob_foliage_placer"
                            },
                            "foliage_provider": {
                              "state": {
                                "Name": "minecraft:dark_oak_log",
                                "Properties": {
                                  "axis": "y"
                                }
                              },
                              "type": "minecraft:simple_state_provider"
                            },
                            "force_dirt": false,
                            "ignore_vines": true,
                            "minimum_size": {
                              "limit": 3,
                              "lower_size": 0,
                              "upper_size": 0,
                              "type": "minecraft:two_layers_feature_size"
                            },
                            "trunk_placer": {
                              "base_height": 1,
                              "height_rand_a": 5,
                              "height_rand_b": 0,
                              "type": "minecraft:straight_trunk_placer"
                            },
                            "trunk_provider": {
                              "state": {
                                "Name": "minecraft:dark_oak_log",
                                "Properties": {
                                  "axis": "y"
                                }
                              },
                              "type": "minecraft:simple_state_provider"
                            }
                          },
                          "type": "minecraft:tree"
                        },
                        "placement": [
                          {
                            "predicate": {
                              "type": "minecraft:replaceable"
                            },
                            "type": "minecraft:block_predicate_filter"
                          },
                          {
                            "count": 96,
                            "type": "minecraft:count"
                          }
                        ]
                      },
                      {
                        "feature": {
                          "config": {
                            "decorators": [
                              {
                                "block_provider": {
                                  "state": {
                                    "Name": "minecraft:dark_oak_leaves",
                                    "Properties": {
                                      "distance": "2",
                                      "persistent": "false",
                                      "waterlogged": "false"
                                    }
                                  },
                                  "type": "minecraft:simple_state_provider"
                                },
                                "directions": [
                                  "down"
                                ],
                                "exclusion_radius_xz": 0,
                                "exclusion_radius_y": 0,
                                "probability": 0.35,
                                "required_empty_blocks": 1,
                                "type": "minecraft:attached_to_leaves"
                              },
                              {
                                "block_provider": {
                                  "state": {
                                    "Name": "minecraft:dark_oak_leaves",
                                    "Properties": {
                                      "distance": "2",
                                      "persistent": "false",
                                      "waterlogged": "false"
                                    }
                                  },
                                  "type": "minecraft:simple_state_provider"
                                },
                                "directions": [
                                  "east"
                                ],
                                "exclusion_radius_xz": 0,
                                "exclusion_radius_y": 0,
                                "probability": 0.7,
                                "required_empty_blocks": 1,
                                "type": "minecraft:attached_to_leaves"
                              },
                              {
                                "block_provider": {
                                  "state": {
                                    "Name": "minecraft:dark_oak_leaves",
                                    "Properties": {
                                      "distance": "2",
                                      "persistent": "false",
                                      "waterlogged": "false"
                                    }
                                  },
                                  "type": "minecraft:simple_state_provider"
                                },
                                "directions": [
                                  "south"
                                ],
                                "exclusion_radius_xz": 0,
                                "exclusion_radius_y": 0,
                                "probability": 0.7,
                                "required_empty_blocks": 1,
                                "type": "minecraft:attached_to_leaves"
                              },
                              {
                                "block_provider": {
                                  "state": {
                                    "Name": "minecraft:dark_oak_leaves",
                                    "Properties": {
                                      "distance": "2",
                                      "persistent": "false",
                                      "waterlogged": "false"
                                    }
                                  },
                                  "type": "minecraft:simple_state_provider"
                                },
                                "directions": [
                                  "west"
                                ],
                                "exclusion_radius_xz": 0,
                                "exclusion_radius_y": 0,
                                "probability": 0.7,
                                "required_empty_blocks": 1,
                                "type": "minecraft:attached_to_leaves"
                              },
                              {
                                "block_provider": {
                                  "state": {
                                    "Name": "minecraft:dark_oak_leaves",
                                    "Properties": {
                                      "distance": "2",
                                      "persistent": "false",
                                      "waterlogged": "false"
                                    }
                                  },
                                  "type": "minecraft:simple_state_provider"
                                },
                                "directions": [
                                  "north"
                                ],
                                "exclusion_radius_xz": 0,
                                "exclusion_radius_y": 0,
                                "probability": 0.7,
                                "required_empty_blocks": 1,
                                "type": "minecraft:attached_to_leaves"
                              }
                            ],
                            "dirt_provider": {
                              "state": {
                                "Name": "minecraft:dark_oak_log",
                                "Properties": {
                                  "axis": "y"
                                }
                              },
                              "type": "minecraft:simple_state_provider"
                            },
                            "foliage_placer": {
                              "offset": 1,
                              "radius": 0,
                              "type": "minecraft:dark_oak_foliage_placer"
                            },
                            "foliage_provider": {
                              "state": {
                                "Name": "minecraft:dark_oak_leaves",
                                "Properties": {
                                  "distance": "1",
                                  "persistent": "false",
                                  "waterlogged": "false"
                                }
                              },
                              "type": "minecraft:simple_state_provider"
                            },
                            "force_dirt": false,
                            "ignore_vines": true,
                            "minimum_size": {
                              "limit": 1,
                              "lower_size": 0,
                              "upper_size": 0,
                              "type": "minecraft:two_layers_feature_size"
                            },
                            "trunk_placer": {
                              "base_height": 21,
                              "height_rand_a": 0,
                              "height_rand_b": 0,
                              "type": "minecraft:fancy_trunk_placer"
                            },
                            "trunk_provider": {
                              "state": {
                                "Name": "minecraft:dark_oak_log",
                                "Properties": {
                                  "axis": "y"
                                }
                              },
                              "type": "minecraft:simple_state_provider"
                            }
                          },
                          "type": "minecraft:tree"
                        },
                        "placement": [
                          {
                            "predicate": {
                              "predicates": [
                                {
                                  "blocks": "minecraft:dark_oak_log",
                                  "type": "minecraft:matching_blocks"
                                },
                                {
                                  "predicate": {
                                    "blocks": "minecraft:dark_oak_log",
                                    "offset": [
                                      0,
                                      10,
                                      0
                                    ],
                                    "type": "minecraft:matching_blocks"
                                  },
                                  "type": "minecraft:not"
                                }
                              ],
                              "type": "minecraft:all_of"
                            },
                            "type": "minecraft:block_predicate_filter"
                          },
                          {
                            "direction_of_search": "up",
                            "max_steps": 10,
                            "target_condition": {
                              "predicate": {
                                "blocks": "minecraft:dark_oak_log",
                                "type": "minecraft:matching_blocks"
                              },
                              "type": "minecraft:not"
                            },
                            "type": "minecraft:environment_scan"
                          }
                        ]
                      },
                      {
                        "feature": {
                          "config": {
                            "allowed_placement": {
                              "predicate": {
                                "blocks": "#minecraft:features_cannot_replace",
                                "type": "minecraft:matching_blocks"
                              },
                              "type": "minecraft:not"
                            },
                            "direction": "up",
                            "layers": [
                              {
                                "height": {
                                  "min_inclusive": 10,
                                  "max_inclusive": 12,
                                  "type": "minecraft:uniform"
                                },
                                "provider": {
                                  "state": {
                                    "Name": "minecraft:dark_oak_log",
                                    "Properties": {
                                      "axis": "y"
                                    }
                                  },
                                  "type": "minecraft:simple_state_provider"
                                }
                              }
                            ],
                            "prioritize_tip": false
                          },
                          "type": "minecraft:block_column"
                        },
                        "placement": [
                          {
                            "predicate": {
                              "predicates": [
                                {
                                  "blocks": "minecraft:dark_oak_log",
                                  "offset": [
                                    0,
                                    10,
                                    0
                                  ],
                                  "type": "minecraft:matching_blocks"
                                },
                                {
                                  "predicate": {
                                    "blocks": "minecraft:dark_oak_log",
                                    "offset": [
                                      1,
                                      8,
                                      1
                                    ],
                                    "type": "minecraft:matching_blocks"
                                  },
                                  "type": "minecraft:not"
                                }
                              ],
                              "type": "minecraft:all_of"
                            },
                            "type": "minecraft:block_predicate_filter"
                          },
                          {
                            "direction_of_search": "up",
                            "max_steps": 10,
                            "target_condition": {
                              "predicate": {
                                "blocks": "minecraft:dark_oak_log",
                                "offset": [
                                  1,
                                  0,
                                  1
                                ],
                                "type": "minecraft:matching_blocks"
                              },
                              "type": "minecraft:not"
                            },
                            "type": "minecraft:environment_scan"
                          },
                          {
                            "count": 56,
                            "type": "minecraft:count"
                          },
                          {
                            "xz_spread": {
                              "distribution": [
                                {
                                  "data": -1,
                                  "weight": 1
                                },
                                {
                                  "data": 1,
                                  "weight": 1
                                }
                              ],
                              "type": "minecraft:weighted_list"
                            },
                            "y_spread": 0,
                            "type": "minecraft:random_offset"
                          },
                          {
                            "predicate": {
                              "predicate": {
                                "predicates": [
                                  {
                                    "blocks": "minecraft:dark_oak_log",
                                    "type": "minecraft:matching_blocks"
                                  },
                                  {
                                    "blocks": "minecraft:dark_oak_log",
                                    "offset": [
                                      0,
                                      1,
                                      0
                                    ],
                                    "type": "minecraft:matching_blocks"
                                  }
                                ],
                                "type": "minecraft:all_of"
                              },
                              "type": "minecraft:not"
                            },
                            "type": "minecraft:block_predicate_filter"
                          }
                        ]
                      },
                      {
                        "feature": {
                          "config": {
                            "decorators": [],
                            "dirt_provider": {
                              "state": {
                                "Name": "minecraft:dark_oak_log",
                                "Properties": {
                                  "axis": "y"
                                }
                              },
                              "type": "minecraft:simple_state_provider"
                            },
                            "foliage_placer": {
                              "height": 16,
                              "offset": 0,
                              "radius": 1,
                              "type": "minecraft:fancy_foliage_placer"
                            },
                            "foliage_provider": {
                              "state": {
                                "Name": "minecraft:dark_oak_log",
                                "Properties": {
                                  "axis": "y"
                                }
                              },
                              "type": "minecraft:simple_state_provider"
                            },
                            "force_dirt": false,
                            "ignore_vines": true,
                            "minimum_size": {
                              "limit": 1,
                              "lower_size": 0,
                              "upper_size": 0,
                              "type": "minecraft:two_layers_feature_size"
                            },
                            "trunk_placer": {
                              "base_height": 12,
                              "height_rand_a": 10,
                              "height_rand_b": 0,
                              "type": "minecraft:straight_trunk_placer"
                            },
                            "trunk_provider": {
                              "state": {
                                "Name": "minecraft:dark_oak_log",
                                "Properties": {
                                  "axis": "y"
                                }
                              },
                              "type": "minecraft:simple_state_provider"
                            }
                          },
                          "type": "minecraft:tree"
                        },
                        "placement": [
                          {
                            "predicate": {
                              "predicates": [
                                {
                                  "blocks": "minecraft:dark_oak_log",
                                  "offset": [
                                    1,
                                    8,
                                    1
                                  ],
                                  "type": "minecraft:matching_blocks"
                                },
                                {
                                  "predicate": {
                                    "blocks": "minecraft:dark_oak_log",
                                    "offset": [
                                      1,
                                      8,
                                      0
                                    ],
                                    "type": "minecraft:matching_blocks"
                                  },
                                  "type": "minecraft:not"
                                }
                              ],
                              "type": "minecraft:all_of"
                            },
                            "type": "minecraft:block_predicate_filter"
                          },
                          {
                            "direction_of_search": "up",
                            "max_steps": 10,
                            "target_condition": {
                              "predicate": {
                                "blocks": "minecraft:dark_oak_log",
                                "offset": [
                                  1,
                                  0,
                                  0
                                ],
                                "type": "minecraft:matching_blocks"
                              },
                              "type": "minecraft:not"
                            },
                            "type": "minecraft:environment_scan"
                          },
                          {
                            "count": 16,
                            "type": "minecraft:count"
                          }
                        ]
                      }
                    ]
                  },
                  "type": "minecraft:simple_random_selector"
                },
                "placement": [
                  {
                    "predicate": {
                      "type": "minecraft:replaceable"
                    },
                    "type": "minecraft:block_predicate_filter"
                  },
                  {
                    "count": 96,
                    "type": "minecraft:count"
                  }
                ]
              },
              {
                "feature": {
                  "config": {
                    "features": [
                      {
                        "feature": "arboria:dark_oak/branch/1_east",
                        "placement": []
                      },
                      {
                        "feature": "arboria:dark_oak/branch/1_south",
                        "placement": []
                      },
                      {
                        "feature": "arboria:dark_oak/branch/1_west",
                        "placement": []
                      },
                      {
                        "feature": "arboria:dark_oak/branch/1_north",
                        "placement": []
                      }
                    ]
                  },
                  "type": "minecraft:simple_random_selector"
                },
                "placement": [
                  {
                    "predicate": {
                      "blocks": "minecraft:dark_oak_log",
                      "type": "minecraft:matching_blocks"
                    },
                    "type": "minecraft:block_predicate_filter"
                  },
                  {
                    "xz_spread": 0,
                    "y_spread": 10,
                    "type": "minecraft:random_offset"
                  },
                  {
                    "xz_spread": 0,
                    "y_spread": 12,
                    "type": "minecraft:random_offset"
                  },
                  {
                    "direction_of_search": "up",
                    "max_steps": 10,
                    "target_condition": {
                      "predicates": [
                        {
                          "blocks": "minecraft:air",
                          "type": "minecraft:matching_blocks"
                        },
                        {
                          "blocks": "minecraft:dark_oak_log",
                          "offset": [
                            0,
                            -1,
                            0
                          ],
                          "type": "minecraft:matching_blocks"
                        }
                      ],
                      "type": "minecraft:all_of"
                    },
                    "type": "minecraft:environment_scan"
                  },
                  {
                    "count": 32,
                    "type": "minecraft:count"
                  }
                ]
              },
              {
                "feature": "arboria:dark_oak/roots/2",
                "placement": [
                  {
                    "predicate": {
                      "blocks": "minecraft:dark_oak_log",
                      "type": "minecraft:matching_blocks"
                    },
                    "type": "minecraft:block_predicate_filter"
                  }
                ]
              },
              {
                "feature": "arboria:dark_oak/rooted_dirt/2",
                "placement": [
                  {
                    "predicate": {
                      "blocks": "minecraft:dark_oak_log",
                      "type": "minecraft:matching_blocks"
                    },
                    "type": "minecraft:block_predicate_filter"
                  }
                ]
              }
            ]
          },
          "type": "minecraft:simple_random_selector"
        },
        "placement": [
          {
            "predicate": {
              "state": {
                "Name": "minecraft:dark_oak_sapling",
                "Properties": {
                  "stage": "0"
                }
              },
              "type": "minecraft:would_survive"
            },
            "type": "minecraft:block_predicate_filter"
          },
          {
            "predicate": {
              "predicates": [
                {
                  "offset": [
                    1,
                    -2,
                    0
                  ],
                  "type": "minecraft:solid"
                },
                {
                  "offset": [
                    1,
                    -2,
                    1
                  ],
                  "type": "minecraft:solid"
                },
                {
                  "offset": [
                    0,
                    -2,
                    1
                  ],
                  "type": "minecraft:solid"
                },
                {
                  "offset": [
                    -1,
                    -2,
                    1
                  ],
                  "type": "minecraft:solid"
                },
                {
                  "offset": [
                    -1,
                    -2,
                    0
                  ],
                  "type": "minecraft:solid"
                },
                {
                  "offset": [
                    -1,
                    -2,
                    -1
                  ],
                  "type": "minecraft:solid"
                },
                {
                  "offset": [
                    0,
                    -2,
                    -1
                  ],
                  "type": "minecraft:solid"
                },
                {
                  "offset": [
                    1,
                    -2,
                    -1
                  ],
                  "type": "minecraft:solid"
                }
              ],
              "type": "minecraft:all_of"
            },
            "type": "minecraft:block_predicate_filter"
          },
          {
            "count": 96,
            "type": "minecraft:count"
          }
        ]
      }
    ]
  },
  "type": "minecraft:simple_random_selector"
}