{
  "config": {
    "features": [
      {
        "feature": {
          "config": {
            "features": [
              {
                "feature": {
                  "config": {
                    "features": [
                      {
                        "feature": {
                          "config": {
                            "decorators": [],
                            "dirt_provider": {
                              "state": {
                                "Name": "minecraft:rooted_dirt"
                              },
                              "type": "minecraft:simple_state_provider"
                            },
                            "foliage_placer": {
                              "offset": 0,
                              "radius": 0,
                              "type": "minecraft:acacia_foliage_placer"
                            },
                            "foliage_provider": {
                              "state": {
                                "Name": "minecraft:air"
                              },
                              "type": "minecraft:simple_state_provider"
                            },
                            "force_dirt": false,
                            "ignore_vines": true,
                            "minimum_size": {
                              "limit": 3,
                              "lower_size": 1,
                              "upper_size": 1,
                              "type": "minecraft:two_layers_feature_size"
                            },
                            "trunk_placer": {
                              "base_height": 2,
                              "height_rand_a": 1,
                              "height_rand_b": 1,
                              "type": "minecraft:giant_trunk_placer"
                            },
                            "trunk_provider": {
                              "entries": [
                                {
                                  "data": {
                                    "Name": "minecraft:oak_log",
                                    "Properties": {
                                      "axis": "y"
                                    }
                                  },
                                  "weight": 5
                                },
                                {
                                  "data": {
                                    "Name": "minecraft:stripped_oak_log",
                                    "Properties": {
                                      "axis": "y"
                                    }
                                  },
                                  "weight": 3
                                }
                              ],
                              "type": "minecraft:weighted_state_provider"
                            }
                          },
                          "type": "minecraft:tree"
                        },
                        "placement": [
                          {
                            "predicate": {
                              "type": "minecraft:replaceable"
                            },
                            "type": "minecraft:block_predicate_filter"
                          }
                        ]
                      },
                      {
                        "feature": {
                          "config": {
                            "allowed_placement": {
                              "blocks": [
                                "minecraft:air",
                                "minecraft:oak_log",
                                "minecraft:stripped_oak_log"
                              ],
                              "type": "minecraft:matching_blocks"
                            },
                            "direction": "up",
                            "layers": [
                              {
                                "height": {
                                  "type": "minecraft:uniform",
                                  "min_inclusive": 3,
                                  "max_inclusive": 5
                                },
                                "provider": {
                                  "entries": [
                                    {
                                      "data": {
                                        "Name": "minecraft:oak_log",
                                        "Properties": {
                                          "axis": "y"
                                        }
                                      },
                                      "weight": 5
                                    },
                                    {
                                      "data": {
                                        "Name": "minecraft:stripped_oak_log",
                                        "Properties": {
                                          "axis": "y"
                                        }
                                      },
                                      "weight": 3
                                    }
                                  ],
                                  "type": "minecraft:weighted_state_provider"
                                }
                              },
                              {
                                "height": {
                                  "distribution": [
                                    {
                                      "data": 0,
                                      "weight": 5
                                    },
                                    {
                                      "data": 1,
                                      "weight": 3
                                    }
                                  ],
                                  "type": "minecraft:weighted_list"
                                },
                                "provider": {
                                  "state": {
                                    "Name": "minecraft:moss_carpet"
                                  },
                                  "type": "minecraft:simple_state_provider"
                                }
                              }
                            ],
                            "prioritize_tip": false
                          },
                          "type": "minecraft:block_column"
                        },
                        "placement": [
                          {
                            "predicate": {
                              "predicates": [
                                {
                                  "blocks": [
                                    "minecraft:oak_log",
                                    "minecraft:stripped_oak_log"
                                  ],
                                  "type": "minecraft:matching_blocks"
                                },
                                {
                                  "predicate": {
                                    "blocks": [
                                      "minecraft:oak_log",
                                      "minecraft:stripped_oak_log"
                                    ],
                                    "offset": [
                                      0,
                                      4,
                                      0
                                    ],
                                    "type": "minecraft:matching_blocks"
                                  },
                                  "type": "minecraft:not"
                                }
                              ],
                              "type": "minecraft:all_of"
                            },
                            "type": "minecraft:block_predicate_filter"
                          },
                          {
                            "direction_of_search": "up",
                            "max_steps": 5,
                            "target_condition": {
                              "predicate": {
                                "blocks": [
                                  "minecraft:oak_log",
                                  "minecraft:stripped_oak_log"
                                ],
                                "type": "minecraft:matching_blocks"
                              },
                              "type": "minecraft:not"
                            },
                            "type": "minecraft:environment_scan"
                          },
                          {
                            "count": 24,
                            "type": "minecraft:count"
                          },
                          {
                            "xz_spread": {
                              "type": "minecraft:uniform",
                              "min_inclusive": 0,
                              "max_inclusive": 1
                            },
                            "y_spread": -1,
                            "type": "minecraft:random_offset"
                          },
                          {
                            "predicate": {
                              "blocks": [
                                "minecraft:oak_log",
                                "minecraft:stripped_oak_log"
                              ],
                              "offset": [
                                0,
                                -1,
                                0
                              ],
                              "type": "minecraft:matching_blocks"
                            },
                            "type": "minecraft:block_predicate_filter"
                          },
                          {
                            "predicate": {
                              "predicate": {
                                "blocks": [
                                  "minecraft:oak_log",
                                  "minecraft:stripped_oak_log"
                                ],
                                "offset": [
                                  0,
                                  2,
                                  0
                                ],
                                "type": "minecraft:matching_blocks"
                              },
                              "type": "minecraft:not"
                            },
                            "type": "minecraft:block_predicate_filter"
                          }
                        ]
                      }
                    ]
                  },
                  "type": "minecraft:simple_random_selector"
                },
                "placement": [
                  {
                    "predicate": {
                      "type": "minecraft:replaceable"
                    },
                    "type": "minecraft:block_predicate_filter"
                  },
                  {
                    "count": 28,
                    "type": "minecraft:count"
                  }
                ]
              },
              {
                "feature": "arboria:dead_oak/roots/2",
                "placement": [
                  {
                    "predicate": {
                      "blocks": [
                        "minecraft:oak_log",
                        "minecraft:stripped_oak_log"
                      ],
                      "type": "minecraft:matching_blocks"
                    },
                    "type": "minecraft:block_predicate_filter"
                  }
                ]
              }
            ]
          },
          "type": "minecraft:simple_random_selector"
        },
        "placement": [
          {
            "predicate": {
              "state": {
                "Name": "minecraft:oak_sapling",
                "Properties": {
                  "stage": "0"
                }
              },
              "type": "minecraft:would_survive"
            },
            "type": "minecraft:block_predicate_filter"
          },
          {
            "count": 32,
            "type": "minecraft:count"
          }
        ]
      }
    ]
  },
  "type": "minecraft:simple_random_selector"
}