{
  "config": {
    "features": [
      {
        "feature": {
          "config": {
            "to_place": {
              "state": {
                "Name": "minecraft:cherry_wood",
                "Properties": {
                  "axis": "y"
                }
              },
              "type": "minecraft:simple_state_provider"
            }
          },
          "type": "minecraft:simple_block"
        },
        "placement": [
          {
            "count": 12,
            "type": "minecraft:count"
          },
          {
            "xz_spread": {
              "type": "minecraft:uniform",
              "min_inclusive": -1,
              "max_inclusive": 2
            },
            "y_spread": {
              "type": "minecraft:uniform",
              "min_inclusive": -2,
              "max_inclusive": 2
            },
            "type": "minecraft:random_offset"
          },
          {
            "predicate": {
              "predicates": [
                {
                  "type": "minecraft:replaceable"
                },
                {
                  "predicates": [
                    {
                      "blocks": "#arboria:dirt",
                      "offset": [
                        0,
                        -1,
                        0
                      ],
                      "type": "minecraft:matching_blocks"
                    },
                    {
                      "blocks": "minecraft:cherry_wood",
                      "offset": [
                        0,
                        -1,
                        0
                      ],
                      "type": "minecraft:matching_blocks"
                    }
                  ],
                  "type": "minecraft:any_of"
                }
              ],
              "type": "minecraft:all_of"
            },
            "type": "minecraft:block_predicate_filter"
          },
          {
            "predicate": {
              "predicates": [
                {
                  "blocks": [
                    "minecraft:cherry_log",
                    "minecraft:cherry_wood"
                  ],
                  "offset": [
                    1,
                    2,
                    0
                  ],
                  "type": "minecraft:matching_blocks"
                },
                {
                  "blocks": [
                    "minecraft:cherry_log",
                    "minecraft:cherry_wood"
                  ],
                  "offset": [
                    0,
                    2,
                    1
                  ],
                  "type": "minecraft:matching_blocks"
                },
                {
                  "blocks": [
                    "minecraft:cherry_log",
                    "minecraft:cherry_wood"
                  ],
                  "offset": [
                    -1,
                    2,
                    0
                  ],
                  "type": "minecraft:matching_blocks"
                },
                {
                  "blocks": [
                    "minecraft:cherry_log",
                    "minecraft:cherry_wood"
                  ],
                  "offset": [
                    0,
                    2,
                    -1
                  ],
                  "type": "minecraft:matching_blocks"
                }
              ],
              "type": "minecraft:any_of"
            },
            "type": "minecraft:block_predicate_filter"
          }
        ]
      }
    ]
  },
  "type": "minecraft:simple_random_selector"
}