{
  "config": {
    "features": [
      {
        "feature": {
          "config": {
            "allowed_placement": {
              "type": "minecraft:replaceable"
            },
            "direction": "up",
            "layers": [
              {
                "height": {
                  "type": "minecraft:uniform",
                  "min_inclusive": 1,
                  "max_inclusive": 2
                },
                "provider": {
                  "state": {
                    "Name": "minecraft:mushroom_stem",
                    "Properties": {
                      "down": "true",
                      "east": "true",
                      "north": "true",
                      "south": "true",
                      "up": "true",
                      "west": "true"
                    }
                  },
                  "type": "minecraft:simple_state_provider"
                }
              }
            ],
            "prioritize_tip": false
          },
          "type": "minecraft:block_column"
        },
        "placement": [
          {
            "count": 16,
            "type": "minecraft:count"
          },
          {
            "xz_spread": {
              "type": "minecraft:uniform",
              "min_inclusive": -1,
              "max_inclusive": 2
            },
            "y_spread": {
              "type": "minecraft:uniform",
              "min_inclusive": -2,
              "max_inclusive": 2
            },
            "type": "minecraft:random_offset"
          },
          {
            "predicate": {
              "predicates": [
                {
                  "type": "minecraft:replaceable"
                },
                {
                  "predicates": [
                    {
                      "blocks": "#arboria:dirt",
                      "offset": [
                        0,
                        -1,
                        0
                      ],
                      "type": "minecraft:matching_blocks"
                    },
                    {
                      "blocks": "minecraft:mushroom_stem",
                      "offset": [
                        0,
                        -1,
                        0
                      ],
                      "type": "minecraft:matching_blocks"
                    }
                  ],
                  "type": "minecraft:any_of"
                },
                {
                  "predicates": [
                    {
                      "blocks": "minecraft:mushroom_stem",
                      "offset": [
                        1,
                        3,
                        0
                      ],
                      "type": "minecraft:matching_blocks"
                    },
                    {
                      "blocks": "minecraft:mushroom_stem",
                      "offset": [
                        0,
                        3,
                        1
                      ],
                      "type": "minecraft:matching_blocks"
                    },
                    {
                      "blocks": "minecraft:mushroom_stem",
                      "offset": [
                        -1,
                        3,
                        0
                      ],
                      "type": "minecraft:matching_blocks"
                    },
                    {
                      "blocks": "minecraft:mushroom_stem",
                      "offset": [
                        0,
                        3,
                        -1
                      ],
                      "type": "minecraft:matching_blocks"
                    }
                  ],
                  "type": "minecraft:any_of"
                }
              ],
              "type": "minecraft:all_of"
            },
            "type": "minecraft:block_predicate_filter"
          }
        ]
      }
    ]
  },
  "type": "minecraft:simple_random_selector"
}