{
  "config": {
    "features": [
      {
        "feature": {
          "config": {
            "depth": 1,
            "extra_bottom_block_chance": 0.0,
            "extra_edge_column_chance": 0.5,
            "ground_state": {
              "state": {
                "Name": "minecraft:stone"
              },
              "type": "minecraft:simple_state_provider"
            },
            "replaceable": "#arboria:island/stone",
            "surface": "floor",
            "vegetation_chance": 0.85,
            "vegetation_feature": {
              "feature": {
                "config": {
                  "half_height": 0,
                  "radius": {
                    "type": "minecraft:uniform",
                    "min_inclusive": 3,
                    "max_inclusive": 7
                  },
                  "state_provider": {
                    "fallback": {
                      "state": {
                        "Name": "minecraft:stone"
                      },
                      "type": "minecraft:simple_state_provider"
                    },
                    "rules": []
                  },
                  "target": {
                    "predicates": [
                      {
                        "blocks": "minecraft:air",
                        "type": "minecraft:matching_blocks"
                      },
                      {
                        "blocks": "minecraft:stone",
                        "offset": [
                          2,
                          -1,
                          0
                        ],
                        "type": "minecraft:matching_blocks"
                      },
                      {
                        "blocks": "minecraft:stone",
                        "offset": [
                          0,
                          -1,
                          2
                        ],
                        "type": "minecraft:matching_blocks"
                      },
                      {
                        "blocks": "minecraft:stone",
                        "offset": [
                          -2,
                          -1,
                          0
                        ],
                        "type": "minecraft:matching_blocks"
                      },
                      {
                        "blocks": "minecraft:stone",
                        "offset": [
                          0,
                          -1,
                          -2
                        ],
                        "type": "minecraft:matching_blocks"
                      }
                    ],
                    "type": "minecraft:all_of"
                  }
                },
                "type": "minecraft:disk"
              },
              "placement": []
            },
            "vertical_range": 1,
            "xz_radius": 3
          },
          "type": "minecraft:vegetation_patch"
        },
        "placement": [
          {
            "predicate": {
              "predicate": {
                "blocks": "minecraft:stone",
                "offset": [
                  0,
                  -5,
                  0
                ],
                "type": "minecraft:matching_blocks"
              },
              "type": "minecraft:not"
            },
            "type": "minecraft:block_predicate_filter"
          },
          {
            "xz_spread": {
              "type": "minecraft:uniform",
              "min_inclusive": -1,
              "max_inclusive": 1
            },
            "y_spread": -6,
            "type": "minecraft:random_offset"
          }
        ]
      },
      {
        "feature": {
          "config": {
            "depth": 1,
            "extra_bottom_block_chance": 0.0,
            "extra_edge_column_chance": 0.25,
            "ground_state": {
              "state": {
                "Name": "minecraft:stone"
              },
              "type": "minecraft:simple_state_provider"
            },
            "replaceable": "#arboria:island/stone",
            "surface": "floor",
            "vegetation_chance": 1.0,
            "vegetation_feature": {
              "feature": {
                "config": {
                  "half_height": 0,
                  "radius": {
                    "type": "minecraft:uniform",
                    "min_inclusive": 0,
                    "max_inclusive": 2
                  },
                  "state_provider": {
                    "fallback": {
                      "state": {
                        "Name": "minecraft:stone"
                      },
                      "type": "minecraft:simple_state_provider"
                    },
                    "rules": []
                  },
                  "target": {
                    "predicates": [
                      {
                        "blocks": "minecraft:air",
                        "type": "minecraft:matching_blocks"
                      },
                      {
                        "blocks": "minecraft:stone",
                        "offset": [
                          2,
                          -1,
                          0
                        ],
                        "type": "minecraft:matching_blocks"
                      },
                      {
                        "blocks": "minecraft:stone",
                        "offset": [
                          0,
                          -1,
                          2
                        ],
                        "type": "minecraft:matching_blocks"
                      },
                      {
                        "blocks": "minecraft:stone",
                        "offset": [
                          -2,
                          -1,
                          0
                        ],
                        "type": "minecraft:matching_blocks"
                      },
                      {
                        "blocks": "minecraft:stone",
                        "offset": [
                          0,
                          -1,
                          -2
                        ],
                        "type": "minecraft:matching_blocks"
                      }
                    ],
                    "type": "minecraft:all_of"
                  }
                },
                "type": "minecraft:disk"
              },
              "placement": []
            },
            "vertical_range": 1,
            "xz_radius": 3
          },
          "type": "minecraft:vegetation_patch"
        },
        "placement": [
          {
            "predicate": {
              "predicates": [
                {
                  "blocks": "minecraft:stone",
                  "offset": [
                    0,
                    -5,
                    0
                  ],
                  "type": "minecraft:matching_blocks"
                },
                {
                  "predicate": {
                    "blocks": "minecraft:stone",
                    "offset": [
                      0,
                      -4,
                      0
                    ],
                    "type": "minecraft:matching_blocks"
                  },
                  "type": "minecraft:not"
                }
              ],
              "type": "minecraft:all_of"
            },
            "type": "minecraft:block_predicate_filter"
          },
          {
            "xz_spread": 0,
            "y_spread": -5,
            "type": "minecraft:random_offset"
          }
        ]
      }
    ]
  },
  "type": "minecraft:simple_random_selector"
}